910.8295932851435, 265213755607883.44
912.7057710242672, 308737619825733.44
911.6336694590536, 289102481396052.3
914.0458979807842, 461724758417500.7
914.0458979807842, 428823141196027.94
913.241821806874, 398266029864815.94
913.241821806874, 369886359448531.75
913.241821806874, 343528969700296.8
915.922075719908, 713584881144713.9
915.6540503286046, 660019980187816.9
914.8499741546943, 620587407000030.9
914.8499741546943, 576365543334841.2
914.8499741546943, 535294844524055.2
914.8499741546943, 497150764627797.8
917.5302280677283, 1062810026213231.5
916.4581265025147, 991138399056111.1
916.4581265025147, 920511785202844.2
916.4581265025147, 854917887859325.5
916.4581265025147, 793998085337704.1
918.8703550242453, 1365386949750467.2
918.0662788503352, 1268092104800305.2
918.0662788503352, 1177730303157463.2
920.746532763369, 1805265615632802
919.6744311981555, 1704396346109831.5
919.6744311981555, 1582944344346746
919.6744311981555, 1470146778370223.8
922.086659719886, 2290816963244171
921.282583545976, 2127577757472658.2
921.282583545976, 1975970663182979.8
923.6948120677065, 2497158818101552.5
926.107040589437, 2710930162508386
930.127421458988, 2688754270122283.5
930.9314976328982, 2406543352591708
934.147802328539, 2338344161494444
938.4362085893932, 2272077671780394.5
940.5804117198204, 2207689112497354.8
943.7967164154612, 2517754499096495
942.1885640676408, 2347967277220784
948.6211734589224, 2591186298849248
953.4456305023834, 2666759780492286.5
957.1979859806311, 2507435512477578.5
959.0741637197548, 2319216089069667
960.6823160675751, 2153953216275105
963.0945445893058, 2025266327402936.2
963.6305953719126, 1820154806685134
966.3108492849465, 1693928917644978.8
965.5067731110363, 1553958471099993.5
968.9911031979805, 2127577757472658.2
967.9190016327668, 1975970663182979.8
967.9190016327668, 1835166798508865
970.3312301544975, 2528115952005905.5
969.5271539805873, 2347967277220784
971.9393825023178, 5294762430842041
971.9393825023178, 4917467855226779
971.9393825023178, 4567058564579055
971.9393825023178, 4241618765260454
971.9393825023178, 3939369179398251
971.9393825023178, 3658657317034950.5
971.9393825023178, 3418945652073172.5
971.1353063284076, 3155817178367145.5
971.1353063284076, 2930939722846994.5
971.1353063284076, 2722086601799660.5
973.5475348501382, 12162620457913572
972.7434586762281, 11089091533484752
972.7434586762281, 10298904223150646
972.7434586762281, 9565024139024170
972.7434586762281, 8883438936586875
972.7434586762281, 8250422183264742
972.7434586762281, 7662512984893638
972.7434586762281, 7116497063963591
972.7434586762281, 6609389186190803
972.7434586762281, 6138416839338334
972.7434586762281, 5701005075052710
975.1556871979586, 14452357705774568
974.3516110240485, 13176726021218798
979.1760680675095, 14904443470472688
982.3923727631503, 14187715294263134
982.3923727631503, 13176726021218798
982.3923727631503, 12237777897084846
982.3923727631503, 11365737408306882
983.1964489370605, 10426579145063084
983.1964489370605, 9683601191842682
983.1964489370605, 8993566416944786
983.1964489370605, 8352702191425720
983.1964489370605, 7757504716615985
983.1964489370605, 7204719867792521
982.9284235457571, 6609389186190803
985.6086774587911, 6063251065432505
985.6086774587911, 5631195469461728
985.6086774587911, 5229927323325233
985.6086774587911, 4857252772629867
985.6086774587911, 4492645463025491
985.6086774587911, 4172508198039182
985.6086774587911, 3875183298122939
984.8046012848808, 3613856545779294.5
984.8046012848808, 3356340086904393
984.8046012848808, 3136435952493183
989.629058328342, 7615454208504305
988.8249821544318, 6943279129640173
988.8249821544318, 6448514428331510
988.8249821544318, 5989005706955449
988.8249821544318, 5631195469461728
993.6494391978929, 7983756931887934
996.8657438935337, 7662512984893638
996.8657438935337, 7116497063963591
996.8657438935337, 6609389186190803
997.6698200674439, 6138416839338334
997.6698200674439, 5736233745027717
998.4738962413542, 5294762430842041
998.4738962413542, 4917467855226779
998.4738962413542, 4567058564579055
999.2779724152642, 4241618765260454
999.2779724152642, 3963712033843008
1000.0820485891745, 3658657317034950.5
1000.0820485891745, 3397948441465453
1000.8861247630847, 3079003525831939
1003.834404067422, 2836207627858142.5
1004.9065056326356, 2591186298849248
1005.7105818065459, 2377074892193867
1005.7105818065459, 2221331259825362.2
1006.5146579804559, 2025266327402936.2
1007.0507087630629, 1820154806685134
1009.7309626760967, 1690454079917461.2
1012.1431911978273, 1582944344346746
1013.7513435456477, 1452144625169563
1016.1635720673783, 1340384849582139.2
1018.5758005891089, 1283812569516757.2
1020.4519783282326, 2008699287517213.5
1020.1839529369292, 1846506989342349.2
1019.379876763019, 1746916891349214.2
1019.379876763019, 1622434957406816.2
1019.379876763019, 1506823366383864
1019.379876763019, 1399450034724005.8
1021.7921052847496, 3234547144789718
1021.7921052847496, 3004059543458948
1020.9880291108394, 2789996044788974.5
1020.9880291108394, 2591186298849248
1020.9880291108394, 2406543352591708
1020.9880291108394, 2235057707149544.5
1023.6682830238733, 4037646863335764
1022.5961814586598, 3749931922451367.5
1022.5961814586598, 3482718994251601.5
1025.2764353716937, 4529699210712328
1026.6165623282109, 5528080588203599
1025.8124861543006, 5040146723248658
1028.4927400673346, 10908412069284750
1028.224714676031, 9925183499559788
1028.224714676031, 9217934034587198
1028.224714676031, 8667213042238403
1027.420638502121, 8049604129798804
1027.420638502121, 7476004839237156
1027.420638502121, 6943279129640173
1027.420638502121, 6448514428331510
1027.420638502121, 5989005706955449
1030.6369431977616, 13230952923094282
1029.0287908499413, 12237777897084846
1035.4614002412227, 14661598792681790
1035.4614002412227, 13505453301215022
1038.1416541542567, 12646531588744036
1037.60560337165, 11365737408306882
1038.6777049368636, 10555836845621974
1038.6777049368636, 9803648237548820
1038.6777049368636, 9105059141327736
1038.6777049368636, 8456250158951361
1038.6777049368636, 7853674055360128
1039.4817811107737, 7116497063963591
1039.4817811107737, 6609389186190803
1039.2137557194703, 6088203494438175
1042.6980858064144, 5562240692268302
1041.8940096325043, 5360401295448949
1043.5021619803247, 5040146723248658
1043.5021619803247, 4680995572687133
1043.5021619803247, 4347436841559504
1043.5021619803247, 4037646863335764
1043.5021619803247, 3749931922451367.5
1043.5021619803247, 3482718994251601.5
1044.306238154235, 3194939661991398.5
1044.306238154235, 2967274413619582.5
1044.306238154235, 2755832152471223
1044.306238154235, 2559456859714561.5
1045.110314328145, 2347967277220784
1045.110314328145, 2180655650119754.5
1045.110314328145, 2025266327402936.2
1045.110314328145, 1880949748616633.8
1045.110314328145, 1746916891349214.2
1046.7184666759654, 1595999908339147.2
1047.5225428498757, 1506823366383864
1050.470822154213, 1704396346109831.5
1054.7592284150674, 1812694924039189.2
1059.9857235454836, 1898411306308828
1064.4081425019897, 2075791798601397.8
1062.7999901541693, 1904267774211638.5
1068.1604979802373, 2008699287517213.5
1071.6448280671814, 1869398030036297.2
1074.057056588912, 1761324842801112.5
1076.4692851106424, 1939787941164428.5
1078.077437458463, 2235057707149544.5
1077.2733612845527, 2075791798601397.8
1079.6855898062831, 3004059543458948
1079.6855898062831, 2807236487237204.5
1078.881513632373, 2591186298849248
1078.881513632373, 2406543352591708
1081.561767545407, 4383292959995131
1081.2937421541037, 3988205312006759
1080.4896659801934, 3749931922451367.5
1080.4896659801934, 3482718994251601.5
1080.4896659801934, 3234547144789718
1083.7059706758341, 5843231291834395
1082.0978183280138, 5294762430842041
1082.0978183280138, 4917467855226779
1087.7263515453851, 5665992759438985
1089.3345038932055, 5294762430842041
1090.1385800671158, 4917467855226779
1090.1385800671158, 4567058564579055
1090.9426562410258, 4241618765260454
1090.9426562410258, 3963712033843008
1091.746732414936, 3658657317034950.5
1091.746732414936, 3397948441465453
1091.746732414936, 3155817178367145.5
1092.5508085888464, 2895049955451725.5
1092.5508085888464, 2688754270122283.5
1094.9630371105768, 2476731613451622.5
1099.787494154038, 2272077671780394.5
1103.807875023589, 2333547403833811
1107.0241797192298, 2528115952005905.5
1110.6425225018256, 2789996044788974.5
1115.8690176322418, 2836207627858142.5
1119.8893985017926, 3041300696432233
1121.4975508496132, 3234547144789718
1123.1057031974335, 3525894060841177
1124.9818809365572, 4206921567013819
1123.9097793713436, 3843483607373205.5
1126.5900332843776, 4758528376419119
1128.7342364148049, 5273061910519721
1132.7546172843558, 5327480773628396
1135.1668458060863, 5040146723248658
1135.702896588693, 4529699210712328
1136.7749981539068, 4138376336562443
1137.579074327817, 3867233948545694.5
1139.9913028495475, 3511443226319133.5
1144.2797091104019, 3234547144789718
1145.6198360669187, 3079003525831939
1150.0422550234248, 3284747695138263.5
1154.0626358929758, 3060094045520487
1158.485054849482, 3294880915153062
1157.6809786755716, 3041300696432233
1160.8972833712123, 3628728847440912
1164.113588066853, 3915175824855990
1166.793841979887, 4241618765260454
1165.7217404146736, 3704013480869054.5
1169.2596755798784, 6353875284040922
1168.9380451103143, 5748024944604138
1168.133968936404, 5426853881276244
1167.329892762494, 5040146723248658
1167.329892762494, 4680995572687133
1170.5461974581347, 8883438936586875
1170.5461974581347, 8250422183264742
1170.5461974581347, 7662512984893638
1170.5461974581347, 7116497063963591
1172.9584259798653, 10298904223150646
1172.9584259798653, 9565024139024170
1172.154349805955, 6609389186190803
1172.154349805955, 6138416839338334
1172.154349805955, 5701005075052710
1172.154349805955, 5360401295448949
1175.69228497116, 25006355843749948
1175.3706545015957, 22846044841719388
1174.5665783276856, 21305399601718564
1174.5665783276856, 20032518849152976
1173.7625021537754, 18605040129112590
1173.7625021537754, 17279280794013872
1173.7625021537754, 16047992516349398
1173.7625021537754, 14904443470472688
1173.7625021537754, 13842381527670912
1173.7625021537754, 12856000073884544
1173.7625021537754, 11939906263191152
1173.7625021537754, 11089091533484752
1173.7625021537754, 8883438936586875
1173.7625021537754, 8250422183264742
1173.7625021537754, 7476004839237156
1176.9788068494163, 32590658890358452
1176.9788068494163, 29714057165749930
1176.9788068494163, 27596690667329536
1178.5869591972366, 25006355843749948
1178.5869591972366, 23224451076730610
1178.5869591972366, 21569521412304000
1178.5869591972366, 20032518849152976
1178.5869591972366, 18605040129112590
1178.5869591972366, 17279280794013872
1178.5869591972366, 16047992516349398
1178.5869591972366, 14904443470472688
1178.5869591972366, 13842381527670912
1178.5869591972366, 12856000073884544
1178.5869591972366, 11939906263191152
1178.5869591972366, 11089091533484752
1178.5869591972366, 10298904223150646
1179.3910353711467, 9332208231391048
1179.3910353711467, 8667213042238403
1179.3910353711467, 8049604129798804
1179.3910353711467, 7476004839237156
1179.3910353711467, 6943279129640173
1179.3910353711467, 6448514428331510
1180.195111545057, 5843231291834395
1180.195111545057, 5426853881276244
1180.195111545057, 5040146723248658
1180.195111545057, 4680995572687133
1180.9991877189673, 4347436841559504
1181.8032638928773, 4037646863335764
1182.339314675484, 3658657317034950.5
1183.4114162406977, 3397948441465453
1184.215492414608, 3079003525831939
1183.4114162406977, 2967274413619582.5
1187.163771718945, 2813006943454738.5
1186.6277209363384, 2548966956470781
1186.6277209363384, 2377074892193867
1187.4317971102487, 2180655650119754.5
1190.6481018058894, 3274645639268851
1190.6481018058894, 3041300696432233
1191.4521779797997, 2789996044788974.5
1193.06033032762, 2528115952005905.5
1193.86440650153, 2319216089069667
1196.2766350232607, 2101525269857228.8
1195.4725588493507, 1988180934434655
1201.1010920667218, 2118857905549857.5
1203.7813459797558, 3780860032056472
1203.5133205884524, 3440072612399244
1203.5133205884524, 3214682404448331
1202.7092444145424, 3004059543458948
1202.7092444145424, 2789996044788974.5
1202.7092444145424, 2591186298849248
1202.7092444145424, 2406543352591708
1202.7092444145424, 2235057707149544.5
1206.2471795797471, 6609389186190803
1205.925549110183, 5989005706955449
1205.925549110183, 5631195469461728
1204.3173967623625, 5294762430842041
1204.3173967623625, 4917467855226779
1204.3173967623625, 4567058564579055
1204.3173967623625, 4241618765260454
1207.8553319275675, 7550057057243108
1208.3377776319135, 10555836845621974
1208.3377776319135, 9803648237548820
1208.3377776319135, 9105059141327736
1208.3377776319135, 8456250158951361
1209.945929979734, 104410959545092320
1209.945929979734, 96970835614001220
1209.945929979734, 90060880588082260
1209.945929979734, 83643315652007260
1209.945929979734, 77683054036084220
1209.945929979734, 72147509186269490
1209.945929979734, 67006416603612440
1209.945929979734, 62231668379084410
1209.945929979734, 58154310062129730
1209.1418538058238, 53678645221772980
1209.1418538058238, 49853608322934950
1209.1418538058238, 46301136188297384
1209.1418538058238, 43001806377594080
1209.1418538058238, 39937580456254130
1209.1418538058238, 37091705373819650
1209.1418538058238, 34448621869950944
1209.1418538058238, 31993879407240020
1209.1418538058238, 29714057165749930
1209.1418538058238, 27596690667329536
1209.1418538058238, 25630203628540820
1209.1418538058238, 23803844669612856
1209.1418538058238, 22107628533395310
1209.1418538058238, 20532281492934956
1209.1418538058238, 19069190649204990
1209.1418538058238, 17710356841778716
1209.1418538058238, 16448350914998834
1209.1418538058238, 15276273100535284
1209.1418538058238, 14187715294263134
1209.1418538058238, 13176726021218798
1209.1418538058238, 12237777897084846
1209.1418538058238, 11365737408306882
1209.1418538058238, 6774277378152465
1209.1418538058238, 6291555416237402
1209.1418538058238, 5915669493291234
1211.8221077188578, 343552004635848060
1211.5540823275544, 312585980983753800
1211.5540823275544, 290311705871509300
1211.5540823275544, 269624652714051550
1211.5540823275544, 250411719131120670
1210.750006153644, 235450992580225440
1210.750006153644, 218673208216135360
1210.750006153644, 203090976459758340
1210.750006153644, 188619104534338700
1210.750006153644, 175178470336346880
1210.750006153644, 162695589851003700
1210.750006153644, 151102215392926240
1210.750006153644, 140334962475380220
1210.750006153644, 130334963268104240
1210.750006153644, 121047544749073090
1210.750006153644, 112421929790535620
1213.1622346753747, 481114410944475200
1212.3581585014645, 446831124419224200
1212.3581585014645, 414990798878378430
1212.3581585014645, 385419353626175900
1215.0384124144985, 862026745960114200
1214.770387023195, 787555844442983000
1214.770387023195, 731436131427795800
1213.966310849285, 696262668860703500
1213.966310849285, 646648331750066000
1213.966310849285, 600569416768195800
1213.966310849285, 557773996541751740
1213.966310849285, 518028095556919040
1217.5042460144896, 2141747826130194000
1217.1826155449257, 1943905638366987300
1217.1826155449257, 1805386665619198200
1217.1826155449257, 1690567431349852000
1217.1826155449257, 1570100851424618000
1217.1826155449257, 1458218488023238000
1217.1826155449257, 1371097932617632800
1215.5744631971052, 1289182352485980200
1215.5744631971052, 1197317700402892300
1215.5744631971052, 1111999146539403400
1215.5744631971052, 1032760228541071700
1215.5744631971052, 959167723262647600
1217.9866917188358, 3719506200740764700
1217.9866917188358, 3454461350884542500
1217.9866917188358, 3208303086678161000
1217.9866917188358, 2979685586394785300
1217.9866917188358, 2767358928972498400
1217.9866917188358, 2570162260317472300
1217.9866917188358, 2387017446563368400
1220.3989202405664, 1865688337266623000
1220.3989202405664, 1732742978785757200
1220.3989202405664, 1609271050560383700
1220.3989202405664, 1494597494191854000
1220.3989202405664, 1388095354643149000
1220.3989202405664, 1289182352485980200
1220.3989202405664, 1197317700402892300
1220.3989202405664, 1111999146539403400
1220.3989202405664, 1032760228541071700
1220.3989202405664, 959167723262647600
1220.3989202405664, 890819278206036000
1220.3989202405664, 827341211737394300
1220.3989202405664, 768386470056595100
1220.3989202405664, 713632729749039400
1220.3989202405664, 662780635546015600
1221.2029964144767, 600569416768195800
1221.2029964144767, 557773996541751740
1221.2029964144767, 518028095556919040
1221.2029964144767, 481114410944475200
1221.2029964144767, 446831124419224200
1221.2029964144767, 414990798878378430
1221.2029964144767, 385419353626175900
1220.9349710231731, 355026975938053950
1222.0070725883868, 324356026243146200
1222.0070725883868, 301243040369254000
1222.0070725883868, 279777041364063580
1222.0070725883868, 259840668114630560
1222.0070725883868, 241324922434930660
1222.0070725883868, 224128573139803200
1222.0070725883868, 208157602583416480
1222.0070725883868, 193324692636349000
1222.0070725883868, 179548747290943520
1222.0070725883868, 166754449284900830
1222.0070725883868, 154871848319006100
1222.0070725883868, 143835978617676600
1222.0070725883868, 133586503741400700
1222.0070725883868, 124067386709170500
1222.0070725883868, 115226583627342860
1222.0070725883868, 107015759149923710
1222.0070725883868, 99390022214604370
1222.0070725883868, 92307680609734860
1222.8111487622969, 84680237014026460
1222.8111487622969, 78646086378465730
1222.8111487622969, 73041917698276780
1222.8111487622969, 67837091287261590
1222.8111487622969, 63003150784263540
1222.8111487622969, 58513667573627020
1222.8111487622969, 54344096291960600
1222.5431233709937, 49853608322934950
1223.6152249362071, 46301136188297384
1223.6152249362071, 43001806377594080
1223.6152249362071, 39937580456254130
1223.6152249362071, 37091705373819650
1223.6152249362071, 34448621869950944
1223.6152249362071, 31993879407240020
1223.6152249362071, 29714057165749930
1223.6152249362071, 27596690667329536
1223.6152249362071, 25630203628540820
1223.6152249362071, 23803844669612856
1223.6152249362071, 22107628533395310
1223.6152249362071, 20532281492934956
1224.4193011101174, 19069190649204990
1224.4193011101174, 17710356841778716
1224.4193011101174, 16448350914998834
1224.4193011101174, 15276273100535284
1225.2233772840277, 14187715294263134
1225.2233772840277, 13176726021218798
1225.2233772840277, 12237777897084846
1225.2233772840277, 11365737408306882
1225.2233772840277, 10555836845621974
1225.2233772840277, 9803648237548820
1226.0274534579378, 9105059141327736
1226.0274534579378, 8456250158951361
1225.7594280666344, 7725710676571275
1226.8315296318478, 7294036364634387
1226.8315296318478, 6774277378152465
1226.8315296318478, 6291555416237402
1226.8315296318478, 5843231291834395
1226.8315296318478, 5426853881276244
1227.6356058057581, 4978429420731186
1227.6356058057581, 4623676126308742
1227.6356058057581, 4294201868559911
1227.6356058057581, 3988205312006759
1228.4396819796684, 3658657317034950.5
1228.4396819796684, 3397948441465453
1228.4396819796684, 3155817178367145.5
1228.4396819796684, 2930939722846994.5
1228.4396819796684, 2722086601799660.5
1228.9757327622751, 2456471506980144
1233.2641390231295, 2377074892193867
1235.9443929361635, 2906964113005438
1234.8722913709498, 2722086601799660.5
1234.8722913709498, 2528115952005905.5
1237.5525452839838, 9030578133118968
1237.2845198926805, 8250422183264742
1237.2845198926805, 7662512984893638
1237.2845198926805, 7116497063963591
1237.2845198926805, 6609389186190803
1237.2845198926805, 6176348442302234
1236.4804437187702, 5843231291834395
1236.4804437187702, 5426853881276244
1236.4804437187702, 5040146723248658
1236.4804437187702, 4680995572687133
1236.4804437187702, 4347436841559504
1236.4804437187702, 4037646863335764
1236.4804437187702, 3749931922451367.5
1236.4804437187702, 3482718994251601.5
1236.4804437187702, 3234547144789718
1239.1606976318042, 30206220451644684
1239.696748414411, 27824298392309084
1239.696748414411, 25841592465303080
1239.696748414411, 24397692724060804
1239.696748414411, 22659160118953412
1239.696748414411, 21174554011281336
1238.0885960665905, 19544920596366990
1238.0885960665905, 18152187188936676
1238.0885960665905, 16858697282374594
1238.0885960665905, 15657378975904616
1238.0885960665905, 14541664298783192
1238.0885960665905, 13505453301215022
1238.0885960665905, 12543080704081600
1238.0885960665905, 11649284925145852
1238.0885960665905, 10819179312389318
1238.0885960665905, 10048225427207280
1242.9130531100518, 23224451076730610
1242.9130531100518, 21569521412304000
1242.9130531100518, 20032518849152976
1242.9130531100518, 18605040129112590
1242.9130531100518, 17279280794013872
1242.9130531100518, 16047992516349398
1243.7171292839619, 14721936472753956
1243.4491038926585, 13505453301215022
1244.5212054578722, 12543080704081600
1244.5212054578722, 11649284925145852
1245.3252816317822, 10819179312389318
1246.1293578056925, 10048225427207280
1246.1293578056925, 9332208231391048
1246.1293578056925, 8667213042238403
1246.1293578056925, 8049604129798804
1246.9334339796028, 7384460112938418
1246.9334339796028, 6858257704265694
1246.9334339796028, 6369551466018164
1247.7375101535129, 5843231291834395
1248.8096117187265, 5338431755027271
1250.1497386752435, 5040146723248658
1253.3660433708842, 6252916277868917
1252.561967196974, 5701005075052710
1252.561967196974, 5360401295448949
1257.7884623273903, 7204719867792521
1255.7782718926146, 6609389186190803
1258.9945765882555, 7662512984893638
1260.602728936076, 6774277378152465
1262.2108812838962, 6214514439009842
1262.2108812838962, 5748024944604138
1262.2108812838962, 5338431755027271
1263.0149574578065, 4978429420731186
1267.0353383273573, 6753443470985019
1266.4992875447506, 6189044326112701
1269.7155922403913, 5795432617376845
1269.1795414577846, 5273061910519721
1271.3237445882119, 8596313693236264
1270.2516430229982, 8049604129798804
1270.2516430229982, 7476004839237156
1270.2516430229982, 6943279129640173
1270.2516430229982, 6448514428331510
1273.467947718639, 10362545053706910
1273.467947718639, 9624130046537114
1277.7563539794933, 10730676495365210
1276.6842524142799, 9803648237548820
1280.7046332838306, 12237777897084846
1281.5087094577407, 11365737408306882
1283.1168618055613, 10555836845621974
1283.1168618055613, 9803648237548820
1283.9209379794715, 9105059141327736
1284.7250141533816, 8456250158951361
1284.7250141533816, 7853674055360128
1285.2610649359883, 7175191409821153
1286.333166501202, 6774277378152465
1286.333166501202, 6291555416237402
1287.5392807620674, 5701005075052710
1288.7453950229326, 5393525245644582
1291.9616997185733, 5771680106299611
1293.5698520663937, 6330433320478909
1295.9820805881243, 6914822183398642
1300.002461457675, 13176726021218798
1300.002461457675, 12237777897084846
1300.002461457675, 11365737408306882
1300.002461457675, 10621065360181970
1299.198385283765, 9803648237548820
1299.198385283765, 9105059141327736
1299.198385283765, 8456250158951361
1299.198385283765, 7853674055360128
1299.198385283765, 7116497063963591
1301.6106138054956, 27596690667329536
1301.6106138054956, 25630203628540820
1301.878639196799, 23415998118989964
1300.8065376315853, 22107628533395310
1300.8065376315853, 20532281492934956
1300.8065376315853, 19069190649204990
1300.8065376315853, 17710356841778716
1300.8065376315853, 16448350914998834
1300.8065376315853, 15276273100535284
1300.8065376315853, 14187715294263134
1303.4867915446193, 42825563989879780
1302.414689979406, 39937580456254130
1302.414689979406, 37091705373819650
1302.414689979406, 34448621869950944
1302.414689979406, 31993879407240020
1302.414689979406, 29714057165749930
1304.8269185011363, 54344096291960600
1304.8269185011363, 50471640631204820
1305.6309946750466, 47456236972468190
1308.043223196777, 43001806377594080
1308.043223196777, 39937580456254130
1308.043223196777, 37091705373819650
1308.8472993706873, 33610130816421580
1308.8472993706873, 31215137611648236
1308.8472993706873, 28990807011023870
1308.8472993706873, 26924977925991764
1308.8472993706873, 25006355843749948
1309.6513755445976, 22659160118953412
1309.6513755445976, 21044511999695164
1309.6513755445976, 19544920596366990
1309.383350153294, 18003699059201312
1310.4554517185077, 16448350914998834
1310.4554517185077, 15276273100535284
1310.4554517185077, 14187715294263134
1310.4554517185077, 13176726021218798
1310.4554517185077, 12237777897084846
1310.4554517185077, 11365737408306882
1310.4554517185077, 10555836845621974
1311.2595278924177, 9803648237548820
1312.063604066328, 9105059141327736
1312.063604066328, 8456250158951361
1312.063604066328, 7853674055360128
1312.8676802402383, 7204719867792521
1313.6717564141484, 6718862580601015
1314.743857979362, 6088203494438175
1313.6717564141484, 5701005075052710
1317.424111892396, 6774277378152465
1319.0322642402164, 6088203494438175
1321.7125181532504, 5494130275978983
1326.0009244141047, 5940014571774609
1324.928822848891, 5494130275978983
1328.547165631487, 6732673637321451
1330.5573560662624, 7476004839237156
1332.433533805386, 12646531588744036
1332.1655084140828, 11506637799711720
1331.3614322401727, 10819179312389318
1331.3614322401727, 10048225427207280
1331.3614322401727, 9332208231391048
1331.3614322401727, 8667213042238403
1331.3614322401727, 8049604129798804
1331.3614322401727, 7029354560723507
1334.0416861532067, 22289964419093772
1333.773660761903, 20280860830431508
1333.773660761903, 19069190649204990
1332.9695845879928, 17710356841778716
1332.9695845879928, 16448350914998834
1332.9695845879928, 15276273100535284
1332.9695845879928, 14187715294263134
1336.5075197531978, 30908974339241570
1336.1858892836337, 28285161008547824
1336.1858892836337, 26269614898911932
1336.1858892836337, 24397692724060804
1338.5981178053644, 22107628533395310
1338.5981178053644, 20532281492934956
1338.5981178053644, 19069190649204990
1339.4021939792744, 17710356841778716
1339.4021939792744, 16448350914998834
1340.2062701531847, 15089212996920310
1341.0103463270948, 13842381527670912
1341.5463971097015, 12543080704081600
1342.6184986749154, 11649284925145852
1342.6184986749154, 10819179312389318
1343.4225748488254, 10048225427207280
1345.0307271966458, 9105059141327736
1344.7627018053424, 8387076523972378
1345.834803370556, 7662512984893638
1345.834803370556, 7116497063963591
1345.834803370556, 6609389186190803
1346.6388795444661, 5989005706955449
1347.0409176314213, 5494130275978983
1351.7313619792308, 7234369845843366
1350.6592604140171, 6774277378152465
1350.6592604140171, 6291555416237402
1350.6592604140171, 5701005075052710
1353.0714889357478, 9447899078824658
1352.2674127618375, 8667213042238403
1352.2674127618375, 8049604129798804
1355.4837174574782, 10131099629666484
1357.8959459792088, 9217934034587198
1359.2360729357258, 8250422183264742
1360.3081745009395, 7662512984893638
1361.1122506748497, 7072791605366860
1363.5244791965802, 6369551466018164
1368.3489362400414, 6650231105696469
1371.5652409356821, 7354194991727958
1376.3896979791432, 6943279129640173
1375.3175964139296, 6501699490128327
1376.3896979791432, 6214514439009842
1380.4100788486942, 6774277378152465
1384.430459718245, 6555323203467286
1388.7188659790995, 7087330186095653
1390.3270183269199, 8387076523972378
1390.0589929356165, 7757504716615985
1391.9351706747402, 15786515489075870
1391.6671452834369, 14363599582830370
1391.6671452834369, 13505453301215022
1390.8630691095266, 12543080704081600
1390.8630691095266, 11649284925145852
1390.8630691095266, 10819179312389318
1390.8630691095266, 10048225427207280
1390.8630691095266, 9332208231391048
1394.0793738051675, 19305590306325744
1392.471221457347, 17710356841778716
1398.9038308486286, 19305590306325744
1398.9038308486286, 17929911114526898
1398.9038308486286, 16448350914998834
1398.9038308486286, 15276273100535284
1398.9038308486286, 14304730542203994
1402.9242117181793, 20280860830431508
1402.6561863268762, 18605040129112590
1404.2643386746963, 16997741843217498
1405.3364402399102, 16047992516349398
1405.3364402399102, 14904443470472688
1405.3364402399102, 13842381527670912
1406.1405164138203, 12698576552449262
1406.1405164138203, 11793700438770150
1406.9445925877303, 10819179312389318
1408.552744935551, 9884505254020360
1408.552744935551, 9217934034587198
1406.9445925877303, 8774659982649710
1412.5731258051019, 9864228693760520
1414.9853543268323, 9332208231391048
1414.9853543268323, 8667213042238403
1416.5935066746526, 7853674055360128
1419.8098113702936, 7324053911753778
1424.6342684137546, 6943279129640173
1428.922674674609, 7204719867792521
1427.8505731093953, 6691325402894249
1430.262801631126, 9447899078824658
1429.4587254572157, 8667213042238403
1429.4587254572157, 8049604129798804
1432.6750301528564, 10642897647174226
1436.6954110224074, 10048225427207280
1440.7157918919584, 9486780535071934
1443.3960458049924, 10383845935483880
1444.7361727615094, 12087924592788690
1445.9422870223746, 11226562361928326
1450.9007567614874, 10908412069284750
1450.3647059788807, 9884505254020360
1450.3647059788807, 9180154442497822
1451.1687821527908, 8561081804660776
1455.1891630223417, 11989043213014188
1455.1891630223417, 11157615230764996
1457.6013915440724, 10621065360181970
1459.2095438918927, 11506637799711720
1461.6217724136231, 13672879627187628
1460.013620065803, 12543080704081600
1462.4258485875334, 14904443470472688
1465.6421532831741, 13757369529871924
1466.4462294570844, 12543080704081600
1467.2503056309947, 11649284925145852
1468.0543818049048, 10819179312389318
1468.5904325875117, 9723452645897752
1471.2706865005457, 9021310948847644
1475.2910673700965, 9624130046537114
1477.703295891827, 8910843732810858
1481.9917021526815, 9030578133118968
1484.9399814570188, 10491008927326798
1484.1359052831085, 9683601191842682
1486.8161591961425, 12038382378816538
1485.744057630929, 11365737408306882
1488.9603623265698, 13956548585083414
1487.3522099787492, 13176726021218798
1492.1766670222105, 13176726021218798
1492.7127178048172, 11939906263191152
1493.7848193700308, 10819179312389318
1497.0011240656718, 10172792698538372
1501.0215049352225, 10555836845621974
1503.4337334569532, 13230952923094282
1501.8255811091328, 12237777897084846
1501.8255811091328, 11365737408306882
1507.4541143265042, 12543080704081600
1506.6500381525939, 12087924592788690
1508.2581905004145, 11365737408306882
1508.2581905004145, 10555836845621974
1509.8663428482346, 9643913068494076
1509.8663428482346, 9105059141327736
1513.8867237177856, 10491008927326798
1513.0826475438753, 9683601191842682
1516.2989522395162, 11601540470590896
1520.3193331090672, 11157615230764996
1522.195510848191, 12137670690545890
1524.339713978618, 13757369529871924
1527.556018674259, 13176726021218798
1528.360094848169, 12313399762543294
1530.4506929003355, 11198932530298368
1534.7927042394506, 11577741673543038
1538.4914546394375, 10792552096226570
1541.2253136307322, 12087924592788690
1542.8334659785523, 13340077134052740
1544.709643717676, 35599239366062860
1544.441618326373, 32390505685773220
1544.441618326373, 30082420619389104
1544.441618326373, 27938805250556056
1544.441618326373, 25947939785317604
1544.441618326373, 24397692724060804
1543.6375421524626, 22659160118953412
1543.6375421524626, 21044511999695164
1543.6375421524626, 19544920596366990
1543.6375421524626, 18152187188936676
1543.6375421524626, 16858697282374594
1543.6375421524626, 15657378975904616
1543.6375421524626, 14541664298783192
1546.3177960654966, 113349146027652290
1546.0497706741933, 103132432722319070
1546.0497706741933, 95783414150781230
1546.0497706741933, 88958072491920300
1545.245694500283, 83643315652007260
1545.245694500283, 77683054036084220
1545.245694500283, 72147509186269490
1545.245694500283, 67006416603612440
1545.245694500283, 62231668379084410
1545.245694500283, 57797159519131450
1545.245694500283, 53678645221772980
1545.245694500283, 49853608322934950
1545.245694500283, 46301136188297384
1545.245694500283, 43001806377594080
1545.245694500283, 39937580456254130
1548.461999195924, 170388929302839420
1546.8538468481033, 158735524422152830
1546.8538468481033, 147424336601323500
1546.8538468481033, 136919162244613180
1546.8538468481033, 127162566384567060
1549.5341007611373, 211605382504549820
1550.070151543744, 191743262159543420
1550.070151543744, 179548747290943520
1551.6783038915646, 162695589851003700
1551.6783038915646, 151102215392926240
1551.6783038915646, 140334962475380220
1551.6783038915646, 130334963268104240
1552.4823800654747, 118101206758921810
1552.4823800654747, 109685542172310880
1552.4823800654747, 101869561639553970
1551.6783038915646, 98172977472643920
1553.286456239385, 92307680609734860
1553.286456239385, 85730013030390380
1553.286456239385, 79621057377275970
1553.286456239385, 73947414141044530
1553.286456239385, 68678063797075290
1553.286456239385, 63784197212342430
1554.090532413295, 57797159519131450
1554.090532413295, 53678645221772980
1554.090532413295, 49853608322934950
1554.090532413295, 46301136188297384
1554.8946085872053, 41955127933698060
1554.8946085872053, 38965486302862500
1554.8946085872053, 36188880778005450
1554.8946085872053, 33610130816421580
1554.8946085872053, 31215137611648236
1554.8946085872053, 28990807011023870
1555.6986847611156, 26924977925991764
1555.6986847611156, 25006355843749948
1555.6986847611156, 23224451076730610
1555.6986847611156, 21569521412304000
1556.5027609350257, 20032518849152976
1558.110913282846, 18452847581533144
1557.3068371089357, 17067693580663708
1557.3068371089357, 15851482600405604
1556.5027609350257, 15089212996920310
1562.131294152397, 18490778603569136
1563.7394465002174, 17279280794013872
1564.5435226741274, 16047992516349398
1564.5435226741274, 14904443470472688
1565.3475988480377, 13842381527670912
1565.3475988480377, 12856000073884544
1567.7598273697683, 11842235699760792
1572.5842844132294, 12389488924155074
1576.6046652827804, 13095802099184538
1578.2128176306007, 14187715294263134
1581.4291223262417, 14452357705774568
1584.9134524131855, 14013984733442652
1587.5937063262197, 15465652177470448
1589.4698840653434, 17067693580663708
1591.882112587074, 18077790667443372
1596.7065696305351, 19147667133311450
1599.1187981522658, 22244239944765668
1598.3147219783555, 20532281492934956
1601.5310266739962, 23706284897715756
1603.9432551957268, 22107628533395310
1605.5514075435472, 20659158238179984
1606.3554837174574, 19069190649204990
1607.9636360652778, 17710356841778716
1611.9840169348288, 17279280794013872
1616.0043978043796, 15851482600405604
1617.6125501522001, 14904443470472688
1620.8288548478408, 17350391164115446
1619.2207025000205, 16047992516349398
1624.0451595434815, 16047992516349398
1627.2614642391222, 15276273100535284
1627.2614642391222, 14057216909477908
1631.2818451086732, 16755160796734598
1630.4777689347632, 15465652177470448
1632.8899974564938, 18605040129112590
1636.1063021521345, 35308031236791520
1636.1063021521345, 32792048917415236
1636.1063021521345, 30455350653526776
1636.1063021521345, 28285161008547824
1636.1063021521345, 26431944800650590
1635.3022259782242, 24397692724060804
1635.3022259782242, 22659160118953412
1635.3022259782242, 21044511999695164
1635.3022259782242, 19787217850216256
1637.7144544999549, 85730013030390380
1637.7144544999549, 79621057377275970
1637.9824798912582, 72742556274588240
1636.9103783260448, 68678063797075290
1636.9103783260448, 63784197212342430
1636.9103783260448, 59239058137166776
1636.9103783260448, 55017796920701870
1636.9103783260448, 51097334650370550
1636.9103783260448, 47456236972468190
1636.9103783260448, 44074596904062296
1636.9103783260448, 40933925995493050
1636.9103783260448, 38017053248422360
1640.1266830216855, 99799047413531220
1638.518530673865, 92307680609734860
1643.3429877173262, 96970835614001220
1643.3429877173262, 90060880588082260
1643.3429877173262, 83643315652007260
1643.3429877173262, 77683054036084220
1643.3429877173262, 72147509186269490
1643.3429877173262, 67006416603612440
1643.3429877173262, 62231668379084410
1644.1470638912365, 57797159519131450
1644.1470638912365, 53678645221772980
1644.1470638912365, 49853608322934950
1644.1470638912365, 46301136188297384
1644.1470638912365, 43001806377594080
1644.9511400651465, 39937580456254130
1644.9511400651465, 37091705373819650
1644.9511400651465, 34448621869950944
1644.9511400651465, 31993879407240020
1644.9511400651465, 29714057165749930
1644.9511400651465, 27596690667329536
1644.9511400651465, 25630203628540820
1644.9511400651465, 23803844669612856
1644.9511400651465, 22107628533395310
1645.7552162390566, 20280860830431508
1645.7552162390566, 18835685738994490
1645.7552162390566, 17493491041849870
1645.7552162390566, 16246938554392026
1645.7552162390566, 15182454960022148
1648.5694828477424, 13630829458739672
1647.3633685868772, 12698576552449262
1652.4558510216416, 17067693580663708
1651.3837494564282, 15657378975904616
1651.3837494564282, 14541664298783192
1653.7959779781586, 23803844669612856
1653.7959779781586, 22244239944765668
1652.9919018042483, 20532281492934956
1652.9919018042483, 19069190649204990
1656.2082064998892, 27824298392309084
1654.6000541520689, 25630203628540820
1659.42451119553, 26269614898911932
1659.42451119553, 24397692724060804
1660.22858736944, 22381695529797280
1659.9605619781369, 20532281492934956
1661.0326635433503, 19069190649204990
1661.0326635433503, 17710356841778716
1661.0326635433503, 16448350914998834
1661.8367397172606, 15089212996920310
1661.5687143259572, 13842381527670912
1664.248968238991, 13176726021218798
1666.929222152025, 14187715294263134
1668.269349108542, 17067693580663708
1667.4652729346317, 15657378975904616
1669.8775014563626, 18952078576382976
1673.8978823259133, 20280860830431508
1678.7223393693744, 21836917525748204
1683.5467964128356, 23512363257816576
1688.371253456297, 25109265868775804
1693.1957104997578, 25109265868775804
1698.020167543219, 25525158546354216
1702.8446245866803, 25735681008504210
1707.6690816301414, 25735681008504210
1712.4935386736024, 25525158546354216
1717.3179957170637, 25109265868775804
1722.1424527605247, 25006355843749948
1726.9669098039858, 25109265868775804
1731.791366847447, 25630203628540820
1736.6158238909081, 25525158546354216
1741.4402809343692, 25630203628540820
1746.2647379778305, 25630203628540820
1751.0891950212915, 25947939785317604
1755.9136520647528, 26269614898911932
1760.7381091082138, 26595277800344820
1765.562566151675, 27147045602320380
1770.3870231951362, 27824298392309084
1775.2114802385972, 28169234615380370
1780.0359372820583, 28285161008547824
1784.8603943255196, 27824298392309084
1789.6848513689806, 27596690667329536
1794.509308412442, 27938805250556056
1799.333765455903, 28053783345144988
1804.158222499364, 27596690667329536
1808.9826795428253, 26924977925991764
1813.8071365862863, 26595277800344820
1818.6315936297474, 26269614898911932
1823.4560506732087, 26704726802874376
1828.2805077166697, 26595277800344820
1833.104964760131, 26595277800344820
1837.929421803592, 26595277800344820
1842.753878847053, 26924977925991764
1847.5783358905144, 27370944814147796
1852.4027929339754, 27596690667329536
1857.2272499774365, 28053783345144988
1862.0517070208978, 28401564479946776
1866.8761640643588, 28871988536178132
1871.70062110782, 28753657037426548
1876.5250781512811, 28990807011023870
1881.3495351947422, 28990807011023870
1886.1739922382035, 29470990876851948
1890.9984492816645, 29714057165749930
1895.8229063251256, 29714057165749930
1900.6473633685869, 29714057165749930
1905.471820412048, 29714057165749930
1910.2962774555092, 29714057165749930
1915.1207344989703, 29836341051720668
1919.9451915424313, 29714057165749930
1924.7696485858926, 29714057165749930
1929.5941056293536, 29470990876851948
1934.4185626728147, 29470990876851948
1939.243019716276, 29714057165749930
1944.067476759737, 30082420619389104
1948.8919338031983, 30832903879797624
1953.7163908466594, 31087202744512656
1958.5408478901204, 31215137611648236
1963.3653049335817, 31472589004728560
1968.1897619770427, 31862752876194724
1973.0142190205038, 31993879407240020
1977.838676063965, 31993879407240020
1982.6631331074261, 31732163765664044
1987.4875901508874, 31343598976145816
1992.3120471943485, 31215137611648236
1997.1365042378095, 31343598976145816
2001.9609612812708, 31602109873036708
2006.7854183247318, 31862752876194724
2011.609875368193, 31993879407240020
2016.4343324116542, 32125545570476524
2021.2587894551152, 32792048917415236
2026.0832464985765, 33198570057350824
2030.9077035420376, 33472380098359590
2035.7321605854986, 33062506116123732
2040.5566176289599, 32792048917415236
2045.381074672421, 33198570057350824
2050.205531715882, 33335193949963250
2055.0299887593433, 33610130816421580
2059.8544458028045, 33610130816421580
2064.6789028462654, 33610130816421580
2069.5033598897267, 33610130816421580
2074.327816933188, 33887335264723316
2079.1522739766488, 34448621869950944
2083.97673102011, 34448621869950944
2088.8011880635713, 34590390169214304
2093.625645107032, 35019205241972030